university_id,university_name,country,city,region,institution_type,academic_score,industry_score,satisfaction_score,extracurricular_score,location_score,qs_score_proxy,roi_score,tuition_fee_intl,student_count,intl_student_pct
U001,Global University,Netherlands,Amsterdam,Europe,research,89.31702583621376,90.3160511093918,58.831731561816284,71.88267537754508,85.74805825281722,73.9232597717876,66.89429095711085,38564,18224,19.8
U002,Northbridge University,Singapore,Singapore,Asia-Pacific,newer_applied,63.19999643950785,71.72207086396655,77.74546071825418,67.94272048405784,84.99725221670658,50.442867917212176,75.37553303870806,21008,12794,19.9
U003,Riverside University,Singapore,Singapore,Asia-Pacific,teaching_focused,55.78624307415926,78.9553888924947,89.45434844160503,66.19121794920133,81.29468934604812,73.30228193897037,72.97591541869011,33611,3776,32.7
U004,Pacific University,Germany,Munich,Europe,teaching_focused,73.7491065284309,77.05408831158888,76.93640259994424,62.3336462917049,72.57325331847058,69.73700416833682,71.22109153307471,27233,5805,15.6
U005,Applied University,Singapore,Singapore,Asia-Pacific,research,90.07485956299128,85.98973613634021,76.94332330108762,79.79498017520262,73.44292697316762,86.54983876926798,81.8162383120513,37388,14808,14.4
U006,Northbridge University,UK,Edinburgh,Europe,newer_applied,62.351908905776995,86.03532897892023,84.89308820038107,63.19392220855388,76.74921772623034,51.97535166059255,87.40022177988143,35997,8003,26.7
U007,Global University,Australia,Melbourne,Asia-Pacific,research,85.58127915436832,86.6505638977652,85.94280843008586,78.22620587557023,69.06982475889109,90.08355313955843,81.91097900639942,33746,20620,20.6
U008,Northbridge University,Germany,Hamburg,Europe,private_professional,74.51303498372324,92.26549322345622,77.05693496045023,80.2015902710422,79.83498017488796,73.09048346904754,81.77142014320572,39755,17524,13.5
U009,Northbridge University,USA,Austin,North America,teaching_focused,65.0375603635114,65.94685424294781,74.83034518951268,98.54930733185027,71.337575658387,51.03734204718644,63.98498088286882,37404,7692,15.8
U010,Riverside University,Canada,Calgary,North America,research,93.60708916127491,87.04488192632368,63.58233976773987,72.2425142333694,82.36615861212599,96.65911251055523,84.35883898343678,30161,29428,30.0
U011,Summit University,UK,London,Europe,newer_applied,75.62514879842489,61.98148937207719,86.69485675040217,88.71410063228981,77.6975595556135,37.10410042356243,71.35060656359286,22319,16667,16.4
U012,Applied University,Netherlands,Utrecht,Europe,teaching_focused,75.42410272791543,50.24240907945922,87.37385397302026,82.41165086896258,96.10623382124504,53.62418608236886,66.40458956188185,35740,18785,28.2
U013,Summit University,USA,Austin,North America,teaching_focused,69.40407233736886,68.35306626323596,73.91970986621341,84.52581804890912,80.32348591857802,74.99396814264487,77.49350930571175,24929,17550,31.3
U014,Summit University,Japan,Osaka,Asia-Pacific,private_professional,68.71308158763226,67.52343843599161,76.20527234786624,77.88999542103288,90.40217748607745,43.369185279337366,63.95940846657243,37747,17343,39.2
U015,Pacific University,Australia,Brisbane,Asia-Pacific,teaching_focused,64.88388456299582,63.47351772027649,83.46028803410127,77.72921579853315,79.09101324314535,64.7669079933002,75.93037876201039,36790,17525,27.2
U016,Metro University,Australia,Melbourne,Asia-Pacific,teaching_focused,83.83879020158842,73.17419425016904,71.51724256484134,73.05492431674388,78.10676644003038,65.27223386365866,71.29163863509608,34546,9058,30.2
U017,Riverside University,Singapore,Singapore,Asia-Pacific,research,85.22157200132811,62.25837509245548,54.58596502053835,58.40474841150865,78.01331636784133,79.965960190225,46.73817890165639,55506,27670,32.5
U018,Northbridge University,UK,Manchester,Europe,teaching_focused,79.24097567965248,65.16876502012377,86.13114383909597,77.05765992784086,87.0614942983347,62.23931814465837,70.2942781057867,37103,10925,18.5
U019,Riverside University,Germany,Hamburg,Europe,private_professional,70.61516125993445,79.72472935542754,90.11638124901266,73.26936686045022,79.11066870766925,47.952462089453434,82.37901433234794,33449,8932,32.7
U020,Pacific University,Australia,Melbourne,Asia-Pacific,teaching_focused,66.27757032592025,75.4367819914774,78.88743357798005,76.7316687166558,94.00760862527729,62.45571839903814,79.00937171086757,26438,3498,8.1
U021,Global University,Canada,Montreal,North America,research,98.46903753918457,71.9032589905672,52.51171320175908,69.91183842306312,94.94248873605186,89.2869886008669,59.01702339102894,48201,13375,38.7
U022,Riverside University,Australia,Sydney,Asia-Pacific,teaching_focused,70.10086431034665,84.97604544377843,83.86390501370316,67.53926674751135,65.03526899909646,49.0505752552014,74.11881971784068,30264,12011,30.0
U023,Summit University,Japan,Tokyo,Asia-Pacific,newer_applied,68.10991530981862,77.4818173137915,91.37948625913793,73.78260009864297,82.58889010853545,56.240162446607556,76.06597421204935,37758,11013,28.7
U024,Riverside University,USA,Boston,North America,research,79.81844939064327,71.70559756443166,63.814911187895675,71.99723101076569,67.9113886293736,77.19392218115672,68.0100122414274,53052,17955,14.2
U025,Northbridge University,Singapore,Singapore,Asia-Pacific,teaching_focused,75.58918939241605,69.37014653065755,68.48267261861963,86.11653070891971,79.69328348961356,80.70423897815517,66.0122855763126,42816,7650,33.3
U026,Summit University,Germany,Hamburg,Europe,private_professional,83.97573798255394,79.48385699620579,71.73667717782963,79.83136139180726,78.33768334489024,58.13361159980548,73.06095973058552,47309,14548,23.0
U027,Northbridge University,Netherlands,Utrecht,Europe,teaching_focused,80.98833425353213,87.1456415049111,81.60187792238548,76.99451633297564,89.22289005994007,65.24518316374555,79.19848432928903,42727,9183,25.6
U028,Pacific University,Canada,Montreal,North America,newer_applied,73.38918904568031,71.22618269424679,76.68618045356462,81.24100229623355,77.88373030546585,25.59216471530647,69.94945909505965,36205,22336,27.8
U029,Riverside University,Japan,Tokyo,Asia-Pacific,newer_applied,70.56154043350583,87.33342025069074,77.68203712540324,56.22034530307479,63.04960612977514,38.6837288902757,86.72533234284326,25705,13456,24.1
U030,Riverside University,Singapore,Singapore,Asia-Pacific,research,82.69656181096902,79.95485830103758,63.28122475882131,67.9943696877821,86.56836591967883,81.71934568047087,63.52576314864238,56732,36233,17.5
U031,Pacific University,Japan,Osaka,Asia-Pacific,research,71.13272992983136,73.26820480487315,60.40867338446302,74.35354407828586,87.65296686730235,90.39229183044012,54.545603011065914,59885,17799,20.8
U032,Applied University,UK,London,Europe,private_professional,85.16216468145059,69.15747751660658,76.13640073534054,85.26010925461237,76.24410524952859,54.59282586169134,79.7316524229111,26301,13920,15.2
U033,Applied University,Netherlands,Amsterdam,Europe,private_professional,72.48071642098667,85.22978427976528,55.38188318947414,71.69094326934733,84.81572516299786,56.805084695022586,69.92257398567182,37445,14076,25.5
U034,Riverside University,Netherlands,Amsterdam,Europe,newer_applied,57.20152337848847,89.55970385308191,76.08304984456518,63.15677449499661,85.33221306387877,38.66627230673295,82.06306270102925,19914,6618,21.6
U035,Applied University,Canada,Vancouver,North America,teaching_focused,72.91889174571116,82.41010283786377,85.18981032035116,84.22596149142765,72.85731726916492,72.26579846552079,77.96140933886112,32162,21079,20.9
U036,Northbridge University,Germany,Munich,Europe,newer_applied,65.10119216832219,84.0265225560743,82.43256699408388,71.1631604046973,83.75836480553772,57.05687767906862,74.44680928969545,39340,21765,24.6
U037,Summit University,Australia,Sydney,Asia-Pacific,newer_applied,47.66955804580361,75.44452301103381,85.07252359151445,68.70574726715316,69.86871349646603,25.258136899561357,81.69017479876842,25420,2000,40.3
U038,Summit University,Japan,Kyoto,Asia-Pacific,teaching_focused,64.7355676514365,74.48826453976848,78.73287309771192,88.38998527513107,81.5323362792747,62.437026680842735,73.16397532446163,38515,6699,19.5
U039,Summit University,Singapore,Singapore,Asia-Pacific,teaching_focused,54.83314592120047,74.10353000633197,75.4705725109939,65.71739979784556,84.85753848837663,61.58373965713076,84.48138022495596,24699,17533,19.0
U040,Applied University,USA,Chicago,North America,research,82.16904114563735,66.94751382788738,91.74141743400597,70.20348161844525,81.95981464665181,83.6143307211802,72.61750957087854,23270,25066,22.2
U041,Global University,Australia,Melbourne,Asia-Pacific,private_professional,59.47208409557419,69.72726729289874,77.34932818887573,74.57861123581127,68.0764585993213,60.85913616049302,74.20790049570321,25089,22966,31.1
U042,Riverside University,UK,London,Europe,teaching_focused,72.61894646118094,63.10972638937389,94.6618685408876,79.31128034947727,70.8706722263067,51.62753845673544,67.84096663593674,29667,2801,28.8
U043,Metro University,UK,London,Europe,research,81.68036714199188,66.67042162603025,79.88801007652205,72.62822412477304,76.93846610587651,89.21776430418699,66.39331974353709,51170,25434,25.7
U044,Riverside University,Netherlands,Utrecht,Europe,teaching_focused,79.4640971231068,63.906120674177444,80.04810097711298,66.98362621097013,79.789665061399,64.79757349786709,74.3187125667931,11813,10612,25.1
U045,Pacific University,Germany,Frankfurt,Europe,private_professional,77.93736919344916,69.52102288825809,69.01624008138808,63.028397796334794,86.38631247273089,79.9670897252724,54.36426708839091,57839,17431,15.0
U046,Metro University,USA,Seattle,North America,newer_applied,40.755199498854395,68.03104744529523,86.61657701744431,67.17259152561307,76.6061285123103,52.0826046070844,75.86482975247878,22074,15457,22.6
U047,Metro University,Australia,Sydney,Asia-Pacific,newer_applied,57.836215797226515,69.19255725429446,87.93891933007295,71.19110859629899,75.49449532307685,57.02270313434881,89.5152850722977,14902,13626,30.4
U048,Riverside University,USA,Seattle,North America,research,84.32574933778882,85.40794478170505,76.92410819815211,73.86058401300453,77.15636066084404,81.80628840657411,76.20759803281298,45582,24200,13.7
U049,Riverside University,Singapore,Singapore,Asia-Pacific,teaching_focused,75.8366473954647,82.66424635165228,90.79054444539608,80.76618439312462,83.63768710706289,58.47875279696326,91.94359545234279,28022,18744,19.9
U050,Summit University,Netherlands,Utrecht,Europe,newer_applied,60.571125582359656,66.21236284217693,78.4456539193911,72.39570443740367,89.08724144073962,56.32687478309887,80.42153472347978,20005,23090,28.1
U051,Pacific University,UK,London,Europe,newer_applied,61.992247314648445,79.26423365070714,78.74444612902334,55.93016360876192,75.11816076243377,56.95057433552316,78.6557136203911,16242,6309,25.6
U052,Global University,Japan,Tokyo,Asia-Pacific,private_professional,62.88572990099219,86.77174685708796,90.05619597180026,87.41794032308485,74.07276625818993,75.52505289303338,82.1062167966329,32887,9384,20.6
U053,Summit University,Netherlands,Amsterdam,Europe,research,78.61754177793736,71.43473307926553,52.16593278960488,85.73934522259765,86.32723202148615,82.42447928939688,63.90085028715718,48946,27539,5.4
U054,Metro University,UK,Manchester,Europe,teaching_focused,82.16100437260573,63.45220626366087,73.48064487658577,72.91411868086544,76.95342581758133,50.74580992253111,60.80517362731154,29956,7331,31.2
U055,Global University,Canada,Calgary,North America,research,89.11779177088218,78.12790699934577,90.76651626398838,58.33627650501173,75.95180253950889,88.7689706286832,67.8923938806972,53166,13142,8.7
U056,Metro University,Japan,Kyoto,Asia-Pacific,teaching_focused,90.05187212342034,65.41131873327924,91.60273868738759,71.84334145410725,82.64369860756896,45.492642805514386,81.7645106661046,35906,2000,14.1
U057,Pacific University,Germany,Frankfurt,Europe,research,88.02889584917928,75.70660858464872,66.50122033237538,77.74988284838494,79.46676320136898,93.83256714334519,69.7623371107599,31061,29944,6.6
U058,Metro University,UK,Edinburgh,Europe,research,100.0,79.34104830210292,76.12560596363065,56.073774076529396,83.0337555954211,89.00250816748265,71.43033265714307,51804,30123,27.4
U059,Northbridge University,Japan,Tokyo,Asia-Pacific,research,74.14713677703148,69.89520403331571,70.30943956388164,66.55621773766416,90.57159178305396,92.8218677292295,68.32749676032661,47201,18602,32.4
U060,Metro University,Canada,Montreal,North America,teaching_focused,59.54696661180877,74.84807961076511,75.03699453252602,89.03835345587491,81.47712227041833,41.18070592116278,68.35446097482726,42875,9692,26.1
U061,Metro University,Germany,Hamburg,Europe,private_professional,57.991407859996386,82.02842688412528,93.22782982550726,58.51197039838584,72.49156596499694,67.56714484251253,74.22123960908044,48571,3625,24.8
U062,Northbridge University,Netherlands,Amsterdam,Europe,research,74.59284909816571,82.9667728977855,88.05574045639953,79.45832421813745,94.34373411616114,84.71596595863545,83.3047350580818,47742,39944,22.3
U063,Summit University,USA,Boston,North America,teaching_focused,68.65036127354841,81.63942246660534,86.60115681340568,74.05281679563016,77.61341050222453,59.74994096629624,79.22509848668382,39453,11169,21.4
U064,Northbridge University,Japan,Osaka,Asia-Pacific,research,73.71649211597337,76.88495419133497,55.680418742539786,74.30704099416413,77.63914187142595,89.65199829674131,73.74462189400809,45094,23168,21.3
U065,Pacific University,USA,San Diego,North America,newer_applied,48.97842914090999,71.99618639816683,85.99790096089689,73.79335598433497,63.65993149790272,36.03440971212062,80.66379899906289,32041,16314,25.1
U066,Applied University,USA,Austin,North America,teaching_focused,75.0415828080477,74.88468596227058,87.91853313551728,83.64624580443697,75.50884001978947,70.33922154548904,67.89790536697122,34214,10158,18.0
U067,Global University,Canada,Montreal,North America,research,77.24302568312707,100.0,60.67059881221124,69.74685347716512,78.62798158130369,82.26514924511638,69.10561847989193,48541,29338,23.4
U068,Global University,Netherlands,Utrecht,Europe,research,76.16388054344878,82.5093000916561,57.57515125772861,84.50134146314349,85.88799277650885,86.17280922727244,56.08649122938766,44214,29996,30.7
U069,Applied University,USA,San Diego,North America,newer_applied,63.74055590347882,86.65480375065351,77.86169239919703,81.68412696167022,72.8814823501946,73.28787935981175,88.71284854424908,23641,23295,18.3
U070,Summit University,USA,Chicago,North America,teaching_focused,78.28939936151362,66.38137467492399,88.67044265472286,87.91175856581955,69.3257858031967,66.60075010299647,72.89098146998589,29251,10922,10.4
U071,Northbridge University,Japan,Kyoto,Asia-Pacific,private_professional,90.78750479865568,77.68882469162668,84.33682331506908,89.347759904514,77.37726444364243,40.73043628576923,71.73274548543083,38739,15349,33.6
U072,Global University,Netherlands,Amsterdam,Europe,teaching_focused,77.0515703482715,89.63073739316567,84.76068181747145,61.329858886563365,82.39023809646328,63.696528894708514,87.52121832358095,30978,13318,11.9
U073,Applied University,USA,Austin,North America,teaching_focused,67.09769047612491,66.89838752051213,86.00105773507434,77.6756543198962,74.76136940754165,68.5854427267283,64.38660099176502,45071,12296,12.0
U074,Riverside University,Singapore,Singapore,Asia-Pacific,research,82.3767209067468,80.01409156475009,67.83577103927247,83.69553946103275,80.57392390237244,100.0,75.38868184667089,38222,29174,25.1
U075,Global University,USA,Chicago,North America,private_professional,64.25932212943503,79.20683535101234,71.2839445959801,71.34768322262298,77.36396974841293,61.49585686122072,72.3551498717659,31704,10913,18.2
U076,Pacific University,UK,London,Europe,newer_applied,66.31805977985611,72.0666118767264,82.22995858347853,80.50606676346568,67.48100701314057,50.10208974821894,79.26926966248702,26301,9458,18.6
U077,Northbridge University,Netherlands,Rotterdam,Europe,teaching_focused,69.1908744494333,78.85910742670971,87.90025062468474,69.36884279759653,86.43293700191937,56.44453267186579,74.89114552108639,34442,2000,31.7
U078,Global University,Canada,Calgary,North America,research,88.56971586751646,73.26775151418339,66.68961593001004,54.68283783437046,68.09304513642873,93.1248652513315,59.94496314389653,52720,22578,33.3
U079,Northbridge University,Singapore,Singapore,Asia-Pacific,newer_applied,73.09667870484164,89.10543824692213,80.22069777235548,58.67737234139905,75.409181533554,46.739506696612345,89.552097510156,30116,2000,19.5
U080,Northbridge University,Canada,Calgary,North America,newer_applied,55.977285115287856,82.40189823707124,85.22214633594474,75.2087692481667,71.48972638082924,35.20457405900556,76.64180920604782,42666,14227,27.7
U081,Metro University,Netherlands,Utrecht,Europe,newer_applied,68.78450483880789,89.29152530132431,83.57216935761176,75.38103381829661,78.26525388558511,47.01290736284051,89.79352487449447,35360,8269,20.3
U082,Northbridge University,Germany,Munich,Europe,research,75.82601451907917,95.68794757608342,87.62822634045459,69.53445764326445,88.31277360253183,90.29946759090872,89.1687439605647,42349,24418,27.8
U083,Global University,Japan,Kyoto,Asia-Pacific,teaching_focused,69.89342477908829,66.77368398421504,100.0,74.81917528444144,74.86576932418073,67.2488877866395,74.21945613611857,43471,2995,15.1
U084,Northbridge University,Germany,Frankfurt,Europe,research,92.43512008795429,82.97271676732547,69.01764072987625,70.5337136717685,92.330972963411,89.4739758434001,75.36739976516928,50922,26538,27.1
U085,Summit University,Canada,Calgary,North America,newer_applied,72.44597443787401,70.64764788439432,92.5391525250746,70.7783964422316,92.15174662215675,70.82786959887792,81.0647808162799,21520,16226,36.5
U086,Summit University,Australia,Melbourne,Asia-Pacific,teaching_focused,59.53933771310613,78.43490838709764,95.70064164783787,73.36775535215152,82.54193776971674,60.13943494857119,69.19764712544294,38299,4669,28.5
U087,Global University,UK,London,Europe,research,93.63732271515268,77.00339913827374,77.32879084328621,80.85842693757235,66.0673519702317,74.94967930183634,83.23840667412237,34885,32196,11.7
U088,Metro University,Netherlands,Rotterdam,Europe,newer_applied,55.00610320097477,62.369603414488786,76.62008421495773,48.43662384906985,79.6658955132182,42.61506611939346,74.92458665007173,30046,8423,18.6
U089,Metro University,Germany,Munich,Europe,research,85.82112150305989,88.55456117333428,73.43600154594432,69.66447101122505,90.04135990260473,93.40189097453842,74.11161696207569,17363,13387,32.6
U090,Riverside University,Australia,Sydney,Asia-Pacific,private_professional,70.15196552577906,82.24987640381863,62.05233733055779,88.82202903320089,77.94706101876717,49.56351437229326,76.69276766930697,30398,24681,19.3
U091,Northbridge University,USA,Seattle,North America,teaching_focused,76.70210388226998,70.92121439219667,78.80586180910115,64.5627568335406,79.52670986912689,76.04543374010876,65.19900516480456,19761,14482,20.4
U092,Global University,Australia,Brisbane,Asia-Pacific,private_professional,67.66862068761367,81.42920120732018,74.42718992468748,77.7394443444311,84.12848054050906,66.00392498000677,72.61071346065408,38519,13241,16.8
U093,Applied University,Australia,Sydney,Asia-Pacific,teaching_focused,87.77335000369453,68.29491730666143,84.47427500933514,78.20091579718573,81.9950947403327,63.48031758159687,66.48909993383566,19279,5899,29.2
U094,Northbridge University,Netherlands,Rotterdam,Europe,research,80.95446706744492,82.355030855177,76.05192674780949,62.02924729717486,84.28639794236129,87.63860069395412,72.784245360939,44769,29185,33.5
U095,Global University,UK,Bristol,Europe,newer_applied,77.70088379070987,64.53654606981311,84.42108372191227,62.211517349825776,79.24950050815191,47.29447818747708,74.42433044460587,28136,8071,21.4
U096,Northbridge University,Canada,Toronto,North America,newer_applied,61.99630148106949,83.67813919476397,88.319200640303,65.47717034981939,70.61629977632238,31.84012483300171,90.73167904253404,20155,3692,10.9
U097,Riverside University,Singapore,Singapore,Asia-Pacific,teaching_focused,89.69753047507749,78.89590171048516,68.94139267490532,89.14638646717418,87.15766707608084,62.41689037131941,67.7079364619352,29373,2000,18.5
U098,Applied University,Canada,Calgary,North America,teaching_focused,68.3660457987739,69.84051683803352,75.90279042463636,62.73763318190124,96.30033305895097,76.45384689582934,78.59340884559734,18231,15865,30.8
U099,Pacific University,UK,Bristol,Europe,research,91.31250012850735,80.53072281572439,69.04201103951875,72.4366618489043,65.1493023006323,82.72224787793327,69.59281460349115,40473,25395,25.7
U100,Applied University,Australia,Brisbane,Asia-Pacific,teaching_focused,74.03399363307943,66.16470512945524,86.21340053343192,74.46887676725491,75.21774471803758,62.91434127558996,72.28700283905229,40200,13043,16.5
U101,Metro University,Canada,Calgary,North America,private_professional,82.57673232754335,82.39884666551987,70.36829395844663,78.4458187555613,88.44307376969414,63.1915746657127,73.66365148374014,39392,20614,27.4
U102,Applied University,Netherlands,Rotterdam,Europe,research,91.17824957914782,75.71627987255175,71.16742058804438,86.58696212556437,87.84889528195949,81.99907906180792,73.24404616551979,33475,17622,26.2
U103,Pacific University,Australia,Sydney,Asia-Pacific,teaching_focused,62.4992126477639,72.47856568181622,88.4364381665247,78.31039277961199,79.30668030385377,60.147123411222914,75.91801593974539,30091,15631,14.5
U104,Applied University,USA,San Diego,North America,newer_applied,65.82945144649362,75.97916202579816,85.3163345150383,62.04926377206172,82.83468767423471,32.20819288965216,88.0751922316664,13564,18776,12.8
U105,Applied University,Australia,Sydney,Asia-Pacific,research,87.18386835069363,80.26413976349087,76.09539272005907,61.21020557545846,68.93983267480395,76.57949425031084,60.82860234382029,57228,22221,17.8
U106,Applied University,Canada,Calgary,North America,newer_applied,65.10407320611672,60.44104353796373,84.64704185771566,76.50176065448032,88.59368294731304,26.06890793171399,64.40590947669698,28431,2252,13.4
U107,Pacific University,UK,Manchester,Europe,teaching_focused,78.94754808592796,55.6317681081354,93.1784716127468,80.55525055156296,85.74398449183784,58.73163706937865,71.66399582496818,22671,20541,14.3
U108,Applied University,Australia,Brisbane,Asia-Pacific,private_professional,65.1948180881488,71.74284779028066,75.58397404778687,83.46054725801608,73.75574531559609,58.82705796366805,66.33423864981343,50270,13937,32.0
U109,Riverside University,Australia,Sydney,Asia-Pacific,research,81.2257593176048,67.42959105756175,52.63548259509771,62.284162850391695,75.14491083137953,88.42020304026408,66.43760855779573,28502,24525,43.9
U110,Northbridge University,UK,Manchester,Europe,teaching_focused,72.65463486838053,69.20888277447087,90.43353538091438,72.67780364649079,72.32336682449866,64.67392314071903,79.80479883853093,33251,9178,19.6
U111,Metro University,Germany,Hamburg,Europe,teaching_focused,72.9858421833173,75.67569453943884,70.21596899818516,73.25399069005731,84.00842200070626,51.76580689649354,70.14596734683322,33112,9583,16.1
U112,Global University,Japan,Tokyo,Asia-Pacific,research,89.5543036921805,78.48589576601213,49.97591092505783,67.18123430926806,82.9830959290811,67.78210156365093,56.831025564061434,45639,22318,22.2
U113,Northbridge University,Netherlands,Utrecht,Europe,teaching_focused,61.35016165828743,72.22663248976171,83.44644876675554,63.1577272143403,78.81054468298565,68.4591782579381,62.636119287161236,40620,8012,21.6
U114,Global University,Japan,Tokyo,Asia-Pacific,teaching_focused,59.72561098892433,77.29948199407333,87.49668889566786,93.30945655038138,80.10044763400936,51.560271600017415,83.62201257927659,29537,14472,6.6
U115,Applied University,Germany,Munich,Europe,research,88.92744628928175,77.08365832173388,62.32807581187322,69.49523910256266,94.24469135430469,97.58608683496873,70.4584597859858,39543,12037,32.3
U116,Riverside University,Canada,Vancouver,North America,newer_applied,61.89887787623005,71.64843402145249,88.52893948845866,57.22756330597423,77.27282375198845,28.82893235093067,80.43313996984976,25967,2000,20.4
U117,Summit University,Australia,Melbourne,Asia-Pacific,teaching_focused,74.27911914057759,71.65675089786362,91.99628518176846,66.0334210758369,78.38160138693634,46.00863513552987,82.77164147029498,28152,2000,23.2
U118,Northbridge University,Germany,Hamburg,Europe,research,85.13347288532356,86.78533522276238,67.698845328999,75.33296216508934,81.13890253650163,93.551394664602,68.44872998936853,54049,13243,16.2
U119,Riverside University,UK,Edinburgh,Europe,newer_applied,53.577801155862545,81.36652752527286,91.48563323730397,75.4705797959856,67.04732533280709,58.95652454386398,92.18092154150169,21080,10626,23.1
U120,Pacific University,USA,Boston,North America,teaching_focused,69.5316031866097,75.49557194117777,83.48851722115049,66.46386730865699,76.2869075284316,61.63223694304552,82.45840722741787,23893,13494,9.7
U121,Global University,USA,Seattle,North America,teaching_focused,54.67483817276701,77.79409777703046,80.41984611114839,68.91679940533355,73.75457616965605,64.10570033958464,74.75210147265169,34587,17593,12.3
U122,Summit University,Netherlands,Utrecht,Europe,newer_applied,61.495904575922296,78.825799504883,80.01047099053163,83.46611018417994,87.6401688806719,53.40072446802076,82.20297178016251,30776,19311,17.6
U123,Summit University,USA,Austin,North America,research,85.33939774975234,77.22696075253988,76.12689425643995,78.20119462412359,79.46110389858534,88.21335195185965,78.26969539149894,29572,27222,23.8
U124,Pacific University,UK,Bristol,Europe,research,93.01366587454237,79.84524018355691,56.068453539012665,70.90395928086612,80.77392472227963,97.28766594029393,65.38606947547767,45223,20641,17.2
U125,Riverside University,Canada,Vancouver,North America,research,97.68933153045984,81.55204376840683,56.04116937964815,77.00142401398126,79.06187983328958,96.37642040651956,67.0384010998469,37511,24031,26.6
U126,Pacific University,Germany,Munich,Europe,newer_applied,69.96449469278052,87.22175028801685,87.07392914447378,73.27757030387903,79.98686286384869,50.546640132251284,85.01771524342018,9000,15828,26.7
U127,Global University,UK,Manchester,Europe,teaching_focused,85.4487385194439,63.992755601759086,92.16584013683904,70.41601756007243,92.49976066423594,63.81116510211061,74.2799438336751,25149,22023,40.0
U128,Metro University,Australia,Perth,Asia-Pacific,newer_applied,72.21656273230316,81.92526949201184,88.2268886093331,64.0393285530432,77.8087076423255,38.999812282354625,79.91308466098636,25978,12530,34.5
U129,Pacific University,Singapore,Singapore,Asia-Pacific,research,80.98224375578036,61.20117044634246,67.17319314157301,71.90427242455044,76.83069222969557,98.59414820269492,67.3127546730592,48677,13369,23.9
U130,Metro University,Netherlands,Rotterdam,Europe,private_professional,77.65084590385128,90.00572689920784,77.84933501779874,78.34072386828778,94.80891504117774,63.62911435986906,89.41592989410864,29446,2000,25.4
U131,Riverside University,Singapore,Singapore,Asia-Pacific,research,83.12005319138441,82.75873961219695,61.08682628983223,52.98749172104022,85.09464686042794,69.0012488965624,71.49348397538584,35804,23336,21.0
U132,Metro University,Canada,Montreal,North America,teaching_focused,79.20141589529973,76.22487348900813,86.4834493751914,66.21710113320621,82.47438034164067,65.95309462458484,79.28120409690382,26985,17761,18.5
U133,Summit University,Canada,Calgary,North America,teaching_focused,81.28177522868191,68.08562578560465,78.97523629763795,71.12511244582116,70.80369530419777,72.5305743301538,60.923684101198546,45233,16789,21.7
U134,Summit University,Canada,Calgary,North America,newer_applied,63.602916455023845,81.159392177041,69.49963314490766,64.23852590388334,82.0549055251664,56.7369114758401,71.16303331956418,17847,13995,22.9
U135,Riverside University,Australia,Melbourne,Asia-Pacific,research,80.23817357056345,76.52238529541546,72.6999826076317,90.23241075398192,80.67515926774242,95.084475052927,82.61947549441821,22442,21462,17.4
U136,Riverside University,USA,Boston,North America,research,82.86133846662283,96.09008360370001,85.69862420676967,63.690644548687615,85.78058495791134,83.02467927515575,82.15520374310276,43663,8134,16.7
U137,Riverside University,Singapore,Singapore,Asia-Pacific,research,94.13353669419267,71.08471547417335,53.53871967439838,73.85494376220674,86.22230354311763,85.47668617056783,57.91068793357768,47602,33885,40.2
U138,Summit University,Japan,Osaka,Asia-Pacific,teaching_focused,65.9083026766484,57.87091343917424,80.37117970409135,84.66132359804998,80.11007990843602,39.9596242474876,64.95409466226334,23737,12736,12.5
U139,Applied University,Japan,Tokyo,Asia-Pacific,teaching_focused,81.50516587765587,74.29394898409969,89.35773149919304,73.46542833434688,87.87801424539444,49.80885388680783,80.50600872818057,31824,2000,34.4
U140,Metro University,UK,Manchester,Europe,research,100.0,79.64526218284803,67.05897351540483,70.10074382328942,84.02448917487006,93.47259517919038,63.34880314886321,48109,22157,35.3
U141,Metro University,Japan,Tokyo,Asia-Pacific,teaching_focused,63.500851774824966,73.42645677766119,82.68999014496816,82.8858399654389,85.05743221249503,73.87386051564751,70.45631810982674,49126,13907,23.4
U142,Pacific University,Australia,Melbourne,Asia-Pacific,research,87.93696330733489,84.58926507136604,56.90354495479243,65.4415727729305,67.63229953867271,88.93929621924404,67.30889721463956,44015,18325,20.7
U143,Pacific University,USA,Chicago,North America,teaching_focused,78.10872880495884,80.05647965351274,73.37085739224682,84.95082346069051,76.26565305403312,60.96976798602784,72.35834872822585,39575,8820,19.4
U144,Pacific University,UK,Edinburgh,Europe,research,79.53807172679507,82.53436576596162,76.67846943031296,69.59722509115,87.20568663495983,83.83428744091697,73.8301005293599,32087,24279,27.9
U145,Metro University,UK,Edinburgh,Europe,newer_applied,66.68836791235661,73.58742345381458,87.38058960962185,86.09893741405693,84.7495646850088,46.54102878979169,79.5989197863408,19665,13644,23.5
U146,Pacific University,Germany,Frankfurt,Europe,teaching_focused,70.22511276963755,73.37347574611556,80.9534443703956,81.00469483068622,88.22063927485672,63.959750338646025,70.77766458326305,33218,6952,40.7
U147,Summit University,Japan,Osaka,Asia-Pacific,research,85.16089216803988,76.03241359957141,68.85840396726503,67.77974797760405,85.58927278777024,93.8097352114996,76.43758003219823,38024,28176,37.7
U148,Pacific University,USA,San Diego,North America,newer_applied,57.9770157806464,59.07881111442781,88.81881085515577,62.839336090047276,70.34300701914911,68.46752890457593,66.68977228235279,31585,13723,22.1
U149,Global University,USA,Boston,North America,private_professional,75.87954855924585,100.0,60.519740773819365,73.18446293213975,82.20062196321203,74.21461657736889,81.00331011435674,34479,21309,14.8
U150,Metro University,UK,Edinburgh,Europe,newer_applied,59.73535877863997,70.97400539393767,74.83200954548398,60.622069252259365,72.63476195549555,51.88528133958627,64.85421574773889,25871,7173,13.4
